<?xml version="1.0" encoding="UTF-8"?>
<project-private xmlns="http://www.netbeans.org/ns/project-private/1">
    <editor-bookmarks xmlns="http://www.netbeans.org/ns/editor-bookmarks/2" lastBookmarkId="0"/>
    <open-files xmlns="http://www.netbeans.org/ns/projectui-open-files/2">
        <group>
            <file>file:/home/fernando/Downloads/NetBeansProjects/Revenda/src/revenda/Modelo.java</file>
            <file>file:/home/fernando/Downloads/NetBeansProjects/Revenda/src/revenda/Veiculo.java</file>
            <file>file:/home/fernando/Downloads/NetBeansProjects/Revenda/src/revenda/Marca.java</file>
            <file>file:/home/fernando/Downloads/NetBeansProjects/Revenda/src/revenda/Revenda.java</file>
            <file>file:/home/fernando/Downloads/NetBeansProjects/Revenda/src/revenda/Menu.java</file>
        </group>
    </open-files>
</project-private>
